Date,Day,SKU,City,Volume,BU,Brand,Model,Avg Price,Total Sales Value,Discount Rate (%),Discount Amount,Net Sales Value
01-04-2021,Thursday,M01,C,15,Mobiles,RealU,RU-10,12100,181500,11.654820286277227,21153.49881959317,160346.50118040683
01-04-2021,Thursday,M02,C,10,Mobiles,RealU,RU-9 Plus,10100,101000,11.560497981172011,11676.102960983731,89323.89703901627
01-04-2021,Thursday,M03,C,7,Mobiles,YouM,YM-99,16100,112700,9.456885675868353,10657.910156703634,102042.08984329636
01-04-2021,Thursday,M04,C,6,Mobiles,YouM,YM-99 Plus,20100,120600,6.935385325,8364.074702073072,112235.92529792692
01-04-2021,Thursday,M05,C,3,Mobiles,YouM,YM-98 ,8100,24300,17.995663499847538,4372.946230462952,19927.053769537048
01-04-2021,Thursday,M06,C,3,Mobiles,RealU,RU-9,8100,24300,16.996488910376506,4130.1468052214905,20169.85319477851
01-04-2021,Thursday,M07,C,3,Mobiles,Sumsang,S-20,49100,147300,9.228811758,13594.039718999667,133705.96028100033
01-04-2021,Thursday,M08,C,2,Mobiles,Sumsang,S-21,54100,108200,5.553719335858815,6009.124321399238,102190.87567860076
01-04-2021,Thursday,M09,C,2,Mobiles,Orange,O-10,55100,110200,7.410104486,8165.935143619563,102034.06485638044
01-04-2021,Thursday,M10,C,3,Mobiles,Orange,O-11,60100,180300,9.928443556922565,17900.983733131387,162399.01626686862
01-04-2021,Thursday,F01,C,13,FMCG,Babaji,Babaji Oil ,400,5200,18.869241650349192,981.2005658181579,4218.799434181842
01-04-2021,Thursday,F02,C,4,FMCG,Vedic,Vedic Cream,300,1200,16.578315839170525,198.93979007004629,1001.0602099299538
01-04-2021,Thursday,F03,C,4,FMCG,Vedic,Vedic Shampoo,390,1560,18.15940810281622,283.2867664,1276.713233596067
01-04-2021,Thursday,F04,C,9,FMCG,Babaji,Babaji Shampoo,465,4185,18.509507661487792,774.6228956332641,3410.3771043667357
01-04-2021,Thursday,F05,C,5,FMCG,Babaji,Babaji Cream,290,1450,15.516590589482743,224.99056354749976,1225.0094364525003
01-04-2021,Thursday,F06,C,5,FMCG,Vedic,Vedic Oil,450,2250,18.120928359044605,407.7208880785036,1842.2791119214965
01-04-2021,Thursday,F07,C,3,FMCG,Gear,Gear Oil,500,1500,18.11487059931267,271.72305898969006,1228.2769410103099
01-04-2021,Thursday,F08,C,3,FMCG,Gear,Gear Cream,400,1200,17.506967212926114,210.08360655511336,989.9163934448866
01-04-2021,Thursday,F09,C,1,FMCG,Gear,Gear Shampoo,560,560,16.723064529319696,93.64916136419029,466.35083863580974
01-04-2021,Thursday,F10,C,4,FMCG,Gear,Gear BB Cream,1099,4396,16.735953685973765,735.7125240354067,3660.2874759645933
01-04-2021,Thursday,L01,C,10,Lifestyle,Jeera,M- T Shirts,450,4500,19.527482792870615,878.7367256791777,3621.2632743208223
01-04-2021,Thursday,L02,C,8,Lifestyle,Jeera,M- Inners,500,4000,19.19432326805784,767.7729307223136,3232.2270692776865
01-04-2021,Thursday,L03,C,7,Lifestyle,Viva,W-Casuals,900,6300,18.06086733176471,1137.8346419011768,5162.165358098823
01-04-2021,Thursday,L04,C,5,Lifestyle,Viva,W-Inners,1300,6500,18.70696234082248,1215.952552153461,5284.0474478465385
01-04-2021,Thursday,L05,C,5,Lifestyle,Jeera,M-Jeans,2099,10495,19.938599568896862,2092.556024755726,8402.443975244274
01-04-2021,Thursday,L06,C,4,Lifestyle,Jeera,M-Casuals,1300,5200,18.84207796300867,979.7880540764507,4220.211945923549
01-04-2021,Thursday,L07,C,5,Lifestyle,Viva,W-Western,2600,13000,15.22271398029837,1978.9528174387879,11021.047182561211
01-04-2021,Thursday,L08,C,3,Lifestyle,Viva,W-Lounge,1600,4800,19.60701230337276,941.1365905618924,3858.8634094381077
01-04-2021,Thursday,L09,C,1,Lifestyle,Jeera,M-Formals,1900,1900,16.668537503167975,316.7022125601915,1583.2977874398084
01-04-2021,Thursday,L10,C,3,Lifestyle,Jeera,M-Shoes,3100,9300,16.577215459421417,1541.6810377261918,7758.318962273808
02-04-2021,Friday,M01,C,11,Mobiles,RealU,RU-10,12100,133100,13.10714037,17445.603828100593,115654.39617189941
02-04-2021,Friday,M02,C,8,Mobiles,RealU,RU-9 Plus,10100,80800,11.463709496680202,9262.677273317604,71537.32273
02-04-2021,Friday,M03,C,7,Mobiles,YouM,YM-99,16100,112700,9.816115051228891,11062.761662734962,101637.23833726504
02-04-2021,Friday,M04,C,6,Mobiles,YouM,YM-99 Plus,20100,120600,6.214888201701022,7495.155171251433,113104.84482874857
02-04-2021,Friday,M05,C,2,Mobiles,YouM,YM-98 ,8100,16200,18.735169283110185,3035.097424,13164.90257613615
02-04-2021,Friday,M06,C,3,Mobiles,RealU,RU-9,8100,24300,17.988541652817347,4371.215621634616,19928.784378365384
02-04-2021,Friday,M07,C,3,Mobiles,Sumsang,S-20,49100,147300,5.252112549273296,7736.3617850795645,139563.63821492044
02-04-2021,Friday,M08,C,1,Mobiles,Sumsang,S-21,54100,54100,9.238957338523049,4998.27592,49101.72407985903
02-04-2021,Friday,M09,C,3,Mobiles,Orange,O-10,55100,165300,8.440205804268277,13951.660194455462,151348.33980554453
02-04-2021,Friday,M10,C,3,Mobiles,Orange,O-11,60100,180300,9.087093183,16384.029009441005,163915.971
02-04-2021,Friday,F01,C,29,FMCG,Babaji,Babaji Oil ,400,11600,19.68807392701107,2283.8165755332843,9316.183424466715
02-04-2021,Friday,F02,C,8,FMCG,Vedic,Vedic Cream,300,2400,16.221400717005285,389.3136172081268,2010.6863827918733
02-04-2021,Friday,F03,C,6,FMCG,Vedic,Vedic Shampoo,390,2340,18.062949881658987,422.6730272308203,1917.3269727691797
02-04-2021,Friday,F04,C,9,FMCG,Babaji,Babaji Shampoo,465,4185,17.300651364087425,724.0322595870588,3460.967740412941
02-04-2021,Friday,F05,C,7,FMCG,Babaji,Babaji Cream,290,2030,17.296753022092158,351.1240863484708,1678.8759136515291
02-04-2021,Friday,F06,C,3,FMCG,Vedic,Vedic Oil,450,1350,15.999206110049954,215.98928248567438,1134.0107175143257
02-04-2021,Friday,F07,C,3,FMCG,Gear,Gear Oil,500,1500,18.519110434599973,277.78665651899956,1222.2133434810005
02-04-2021,Friday,F08,C,1,FMCG,Gear,Gear Cream,400,400,17.294485572056967,69.17794228822787,330.8220577117721
02-04-2021,Friday,F09,C,2,FMCG,Gear,Gear Shampoo,560,1120,15.970574895801047,178.87043883297173,941.1295611670282
02-04-2021,Friday,F10,C,3,FMCG,Gear,Gear BB Cream,1099,3297,18.46486650271903,608.7866485946464,2688.2133514053535
02-04-2021,Friday,L01,C,13,Lifestyle,Jeera,M- T Shirts,450,5850,17.68346638923947,1034.482783770509,4815.517216229491
02-04-2021,Friday,L02,C,3,Lifestyle,Jeera,M- Inners,500,1500,15.348901860554825,230.2335279083224,1269.7664720916775
02-04-2021,Friday,L03,C,4,Lifestyle,Viva,W-Casuals,900,3600,16.507743182560283,594.2787545721702,3005.7212454278297
02-04-2021,Friday,L04,C,6,Lifestyle,Viva,W-Inners,1300,7800,18.007000090221872,1404.546007037306,6395.4539929626935
02-04-2021,Friday,L05,C,7,Lifestyle,Jeera,M-Jeans,2099,14693,18.114262113072808,2661.5285322737873,12031.471467726213
02-04-2021,Friday,L06,C,6,Lifestyle,Jeera,M-Casuals,1300,7800,15.46512976386208,1206.2801215812424,6593.719878418758
02-04-2021,Friday,L07,C,4,Lifestyle,Viva,W-Western,2600,10400,18.017017754952228,1873.7698465150318,8526.230153484968
02-04-2021,Friday,L08,C,3,Lifestyle,Viva,W-Lounge,1600,4800,16.361022367492804,785.3290736396547,4014.670926360345
02-04-2021,Friday,L09,C,1,Lifestyle,Jeera,M-Formals,1900,1900,18.39585553993682,349.52125525879956,1550.4787447412004
02-04-2021,Friday,L10,C,2,Lifestyle,Jeera,M-Shoes,3100,6200,17.004750688604858,1054.2945426935012,5145.705457306499
03-04-2021,Saturday,M01,C,5,Mobiles,RealU,RU-10,12100,60500,10.872805596507074,6578.047386,53921.95261411322
03-04-2021,Saturday,M02,C,5,Mobiles,RealU,RU-9 Plus,10100,50500,10.924438305127364,5516.841344089318,44983.15865591068
03-04-2021,Saturday,M03,C,5,Mobiles,YouM,YM-99,16100,80500,8.668041319975172,6977.773262580014,73522.22673741999
03-04-2021,Saturday,M04,C,5,Mobiles,YouM,YM-99 Plus,20100,100500,9.153949565101879,9199.719313,91300.28069
03-04-2021,Saturday,M05,C,4,Mobiles,YouM,YM-98 ,8100,32400,17.14675853,5555.549763666768,26844.450236333232
03-04-2021,Saturday,M06,C,2,Mobiles,RealU,RU-9,8100,16200,18.531892689272368,3002.1666156621236,13197.833384337877
03-04-2021,Saturday,M07,C,4,Mobiles,Sumsang,S-20,49100,196400,8.601079913939643,16892.520950977458,179507.47904902254
03-04-2021,Saturday,M08,C,1,Mobiles,Sumsang,S-21,54100,54100,7.621790957934959,4123.388908242812,49976.611091757186
03-04-2021,Saturday,M09,C,1,Mobiles,Orange,O-10,55100,55100,8.907134380813915,4907.831043828467,50192.16895617153
03-04-2021,Saturday,M10,C,2,Mobiles,Orange,O-11,60100,120200,5.007822189204133,6019.402271423368,114180.59772857663
03-04-2021,Saturday,F01,C,24,FMCG,Babaji,Babaji Oil ,400,9600,17.050296756410482,1636.8284886154063,7963.171511384594
03-04-2021,Saturday,F02,C,14,FMCG,Vedic,Vedic Cream,300,4200,16.988645263794755,713.5231010793797,3486.4768989206204
03-04-2021,Saturday,F03,C,4,FMCG,Vedic,Vedic Shampoo,390,1560,19.276068842283127,300.7066739396168,1259.2933260603832
03-04-2021,Saturday,F04,C,6,FMCG,Babaji,Babaji Shampoo,465,2790,17.943877040928143,500.6341694418952,2289.365830558105
03-04-2021,Saturday,F05,C,6,FMCG,Babaji,Babaji Cream,290,1740,18.18516737,316.4219122,1423.5780877694751
03-04-2021,Saturday,F06,C,6,FMCG,Vedic,Vedic Oil,450,2700,19.88747923876981,536.9619394467849,2163.038060553215
03-04-2021,Saturday,F07,C,5,FMCG,Gear,Gear Oil,500,2500,17.811924888427626,445.2981222106906,2054.7018777893095
03-04-2021,Saturday,F08,C,3,FMCG,Gear,Gear Cream,400,1200,18.703844700597998,224.44613640717597,975.5538636
03-04-2021,Saturday,F09,C,2,FMCG,Gear,Gear Shampoo,560,1120,17.253385885722242,193.2379219200891,926.7620780799109
03-04-2021,Saturday,F10,C,4,FMCG,Gear,Gear BB Cream,1099,4396,16.946078261315066,744.9496003674103,3651.0503996325897
03-04-2021,Saturday,L01,C,12,Lifestyle,Jeera,M- T Shirts,450,5400,19.18987070662069,1036.2530181575173,4363.7469818424825
03-04-2021,Saturday,L02,C,9,Lifestyle,Jeera,M- Inners,500,4500,17.361322083094507,781.2594937392528,3718.740506260747
03-04-2021,Saturday,L03,C,5,Lifestyle,Viva,W-Casuals,900,4500,16.02048658180877,720.9218961813946,3779.0781038186055
03-04-2021,Saturday,L04,C,5,Lifestyle,Viva,W-Inners,1300,6500,19.357934276476378,1258.2657279709645,5241.734272029035
03-04-2021,Saturday,L05,C,3,Lifestyle,Jeera,M-Jeans,2099,6297,15.234732926198292,959.3311323627064,5337.668867637293
03-04-2021,Saturday,L06,C,3,Lifestyle,Jeera,M-Casuals,1300,3900,18.60252596927542,725.4985128017413,3174.5014871982585
03-04-2021,Saturday,L07,C,6,Lifestyle,Viva,W-Western,2600,15600,17.406483200942667,2715.411379347056,12884.588620652943
03-04-2021,Saturday,L08,C,3,Lifestyle,Viva,W-Lounge,1600,4800,18.333913713826863,880.0278582636894,3919.9721417363107
03-04-2021,Saturday,L09,C,3,Lifestyle,Jeera,M-Formals,1900,5700,15.980169189765197,910.8696438166163,4789.130356183384
03-04-2021,Saturday,L10,C,1,Lifestyle,Jeera,M-Shoes,3100,3100,15.444062499880264,478.7659374962882,2621.234062503712
04-04-2021,Sunday,M01,C,9,Mobiles,RealU,RU-10,12100,108900,13.97120599044711,15214.643323596902,93685.35668
04-04-2021,Sunday,M02,C,9,Mobiles,RealU,RU-9 Plus,10100,90900,12.454656502759502,11321.282761008388,79578.71723899161
04-04-2021,Sunday,M03,C,3,Mobiles,YouM,YM-99,16100,48300,8.417729657551561,4065.763424597404,44234.236575402596
04-04-2021,Sunday,M04,C,6,Mobiles,YouM,YM-99 Plus,20100,120600,5.870670938165718,7080.029151427856,113519.97084857215
04-04-2021,Sunday,M05,C,3,Mobiles,YouM,YM-98 ,8100,24300,16.789339641673248,4079.8095329265993,20220.19047
04-04-2021,Sunday,M06,C,2,Mobiles,RealU,RU-9,8100,16200,15.77608924263355,2555.726457306635,13644.273542693365
04-04-2021,Sunday,M07,C,3,Mobiles,Sumsang,S-20,49100,147300,8.569248919012532,12622.50365770546,134677.49634229453
04-04-2021,Sunday,M08,C,2,Mobiles,Sumsang,S-21,54100,108200,7.823773919213602,8465.323380589118,99734.67661941088
04-04-2021,Sunday,M09,C,2,Mobiles,Orange,O-10,55100,110200,6.710453536396899,7394.919797109382,102805.08020289062
04-04-2021,Sunday,M10,C,2,Mobiles,Orange,O-11,60100,120200,6.095201440402829,7326.432131364201,112873.5678686358
04-04-2021,Sunday,F01,C,25,FMCG,Babaji,Babaji Oil ,400,10000,17.93227484021013,1793.227484021013,8206.772515978988
04-04-2021,Sunday,F02,C,15,FMCG,Vedic,Vedic Cream,300,4500,17.216943503508052,774.7624576578623,3725.2375423421377
04-04-2021,Sunday,F03,C,11,FMCG,Vedic,Vedic Shampoo,390,4290,16.530115799511485,709.1419677990427,3580.8580322009575
04-04-2021,Sunday,F04,C,7,FMCG,Babaji,Babaji Shampoo,465,3255,15.251729901882404,496.4438083062723,2758.5561916937277
04-04-2021,Sunday,F05,C,6,FMCG,Babaji,Babaji Cream,290,1740,16.440144508699397,286.05851445136955,1453.9414855486305
04-04-2021,Sunday,F06,C,4,FMCG,Vedic,Vedic Oil,450,1800,16.45459054571782,296.1826298229208,1503.8173701770793
04-04-2021,Sunday,F07,C,4,FMCG,Gear,Gear Oil,500,2000,19.68043912697078,393.60878253941553,1606.3912174605844
04-04-2021,Sunday,F08,C,4,FMCG,Gear,Gear Cream,400,1600,16.09063730242208,257.4501968387533,1342.5498031612467
04-04-2021,Sunday,F09,C,3,FMCG,Gear,Gear Shampoo,560,1680,17.399930976359215,292.31884040283484,1387.681159597165
04-04-2021,Sunday,F10,C,1,FMCG,Gear,Gear BB Cream,1099,1099,18.468603160082225,202.96994872930364,896.0300512706964
04-04-2021,Sunday,L01,C,10,Lifestyle,Jeera,M- T Shirts,450,4500,18.32601839,824.6708274,3675.3291725801582
04-04-2021,Sunday,L02,C,10,Lifestyle,Jeera,M- Inners,500,5000,19.78474373,989.2371867,4010.762813281055
04-04-2021,Sunday,L03,C,3,Lifestyle,Viva,W-Casuals,900,2700,15.089827398292503,407.42533975389756,2292.574660246102
04-04-2021,Sunday,L04,C,3,Lifestyle,Viva,W-Inners,1300,3900,19.129058785086663,746.0332926183797,3153.9667073816204
04-04-2021,Sunday,L05,C,7,Lifestyle,Jeera,M-Jeans,2099,14693,17.788713430687906,2613.695664370974,12079.304335629025
04-04-2021,Sunday,L06,C,5,Lifestyle,Jeera,M-Casuals,1300,6500,19.664976226088747,1278.2234546957686,5221.776545304231
04-04-2021,Sunday,L07,C,4,Lifestyle,Viva,W-Western,2600,10400,15.763121102348151,1639.3645946442077,8760.635405355792
04-04-2021,Sunday,L08,C,2,Lifestyle,Viva,W-Lounge,1600,3200,19.976878852757167,639.2601232882294,2560.7398767117706
04-04-2021,Sunday,L09,C,1,Lifestyle,Jeera,M-Formals,1900,1900,18.90416189542705,359.1790760131139,1540.820923986886
04-04-2021,Sunday,L10,C,3,Lifestyle,Jeera,M-Shoes,3100,9300,17.67182384213527,1643.4796173185803,7656.5203826814195
05-04-2021,Monday,M01,C,3,Mobiles,RealU,RU-10,12100,36300,12.138161178646733,4406.152507848764,31893.847492151235
05-04-2021,Monday,M02,C,6,Mobiles,RealU,RU-9 Plus,10100,60600,14.568101405876613,8828.269451961227,51771.73054803877
05-04-2021,Monday,M03,C,5,Mobiles,YouM,YM-99,16100,80500,8.097087086978906,6518.155105,73981.84489498199
05-04-2021,Monday,M04,C,3,Mobiles,YouM,YM-99 Plus,20100,60300,7.747990880089501,4672.038501,55627.96149930603
05-04-2021,Monday,M05,C,3,Mobiles,YouM,YM-98 ,8100,24300,15.416672988182352,3746.2515361283113,20553.74846387169
05-04-2021,Monday,M06,C,3,Mobiles,RealU,RU-9,8100,24300,17.328633769441627,4210.858005974315,20089.141994025686
05-04-2021,Monday,M07,C,3,Mobiles,Sumsang,S-20,49100,147300,8.532277919222786,12568.045375015163,134731.95462498485
05-04-2021,Monday,M08,C,3,Mobiles,Sumsang,S-21,54100,162300,5.935084193732397,9632.641646,152667.35835357232
05-04-2021,Monday,M09,C,2,Mobiles,Orange,O-10,55100,110200,7.584590638090228,8358.218883175432,101841.78111682457
05-04-2021,Monday,M10,C,2,Mobiles,Orange,O-11,60100,120200,9.086087808184843,10921.477545438182,109278.52245456181
05-04-2021,Monday,F01,C,15,FMCG,Babaji,Babaji Oil ,400,6000,17.712694366059047,1062.7616619635428,4937.238338036457
05-04-2021,Monday,F02,C,7,FMCG,Vedic,Vedic Cream,300,2100,17.297226571292995,363.2417579971529,1736.758242002847
05-04-2021,Monday,F03,C,10,FMCG,Vedic,Vedic Shampoo,390,3900,16.631517798104518,648.6291941260762,3251.370805873924
05-04-2021,Monday,F04,C,8,FMCG,Babaji,Babaji Shampoo,465,3720,17.57311945929308,653.7200438857026,3066.2799561142974
05-04-2021,Monday,F05,C,4,FMCG,Babaji,Babaji Cream,290,1160,17.80206774460188,206.50398583738183,953.4960141626182
05-04-2021,Monday,F06,C,4,FMCG,Vedic,Vedic Oil,450,1800,17.720234230056935,318.96421614102485,1481.0357838589753
05-04-2021,Monday,F07,C,4,FMCG,Gear,Gear Oil,500,2000,15.546114238860747,310.92228477721494,1689.0777152227852
05-04-2021,Monday,F08,C,2,FMCG,Gear,Gear Cream,400,800,16.34737903216006,130.77903225728048,669.2209677427195
05-04-2021,Monday,F09,C,2,FMCG,Gear,Gear Shampoo,560,1120,16.55972731,185.46894582812064,934.5310541718793
05-04-2021,Monday,F10,C,2,FMCG,Gear,Gear BB Cream,1099,2198,16.116142409871937,354.23281016898517,1843.7671898310148
05-04-2021,Monday,L01,C,14,Lifestyle,Jeera,M- T Shirts,450,6300,17.19470437031755,1083.2663753300055,5216.733624669994
05-04-2021,Monday,L02,C,3,Lifestyle,Jeera,M- Inners,500,1500,17.344507543451314,260.16761315176973,1239.8323868482303
05-04-2021,Monday,L03,C,2,Lifestyle,Viva,W-Casuals,900,1800,17.673372623533588,318.1207072236046,1481.8792927763955
05-04-2021,Monday,L04,C,5,Lifestyle,Viva,W-Inners,1300,6500,16.12159665461466,1047.903782549953,5452.096217450047
05-04-2021,Monday,L05,C,4,Lifestyle,Jeera,M-Jeans,2099,8396,18.93978420230747,1590.1842816257354,6805.815718374264
05-04-2021,Monday,L06,C,4,Lifestyle,Jeera,M-Casuals,1300,5200,17.37960448895497,903.7394334256585,4296.260566574341
05-04-2021,Monday,L07,C,4,Lifestyle,Viva,W-Western,2600,10400,18.09216823548678,1881.5854964906255,8518.414503509375
05-04-2021,Monday,L08,C,2,Lifestyle,Viva,W-Lounge,1600,3200,17.606097637738944,563.3951244076462,2636.604875592354
05-04-2021,Monday,L09,C,3,Lifestyle,Jeera,M-Formals,1900,5700,17.34439087327293,988.6302797765569,4711.369720223443
05-04-2021,Monday,L10,C,1,Lifestyle,Jeera,M-Shoes,3100,3100,15.571977508677005,482.7313027689872,2617.268697231013
06-04-2021,Tuesday,M01,C,7,Mobiles,RealU,RU-10,12100,84700,12.909518695550389,10934.36233513118,73765.63766486882
06-04-2021,Tuesday,M02,C,6,Mobiles,RealU,RU-9 Plus,10100,60600,12.30153101000048,7454.727792,53145.272207939706
06-04-2021,Tuesday,M03,C,4,Mobiles,YouM,YM-99,16100,64400,7.732667088605965,4979.837605062242,59420.16239493776
06-04-2021,Tuesday,M04,C,6,Mobiles,YouM,YM-99 Plus,20100,120600,7.233846742335281,8724.019171256348,111875.98082874365
06-04-2021,Tuesday,M05,C,5,Mobiles,YouM,YM-98 ,8100,40500,19.766831365800545,8005.566703149221,32494.43329685078
06-04-2021,Tuesday,M06,C,2,Mobiles,RealU,RU-9,8100,16200,17.280653277840116,2799.465831010099,13400.534168989901
06-04-2021,Tuesday,M07,C,2,Mobiles,Sumsang,S-20,49100,98200,5.420506661087877,5322.937541188297,92877.06246
06-04-2021,Tuesday,M08,C,3,Mobiles,Sumsang,S-21,54100,162300,6.8499756419190705,11117.510466834652,151182.48953316535
06-04-2021,Tuesday,M09,C,2,Mobiles,Orange,O-10,55100,110200,8.412626482,9270.714383551673,100929.28561644832
06-04-2021,Tuesday,M10,C,2,Mobiles,Orange,O-11,60100,120200,7.256695570137941,8722.548075305805,111477.45192469419
06-04-2021,Tuesday,F01,C,9,FMCG,Babaji,Babaji Oil ,400,3600,15.748829671065497,566.9578681583579,3033.042131841642
06-04-2021,Tuesday,F02,C,12,FMCG,Vedic,Vedic Cream,300,3600,16.297069597052808,586.6945055,3013.305494506099
06-04-2021,Tuesday,F03,C,8,FMCG,Vedic,Vedic Shampoo,390,3120,17.50762493541124,546.2378979848307,2573.762102015169
06-04-2021,Tuesday,F04,C,2,FMCG,Babaji,Babaji Shampoo,465,930,15.183251842871801,141.20424213870774,788.7957578612923
06-04-2021,Tuesday,F05,C,3,FMCG,Babaji,Babaji Cream,290,870,15.938455664261197,138.6645642790724,731.3354357209275
06-04-2021,Tuesday,F06,C,6,FMCG,Vedic,Vedic Oil,450,2700,17.928214808149125,484.06179982002635,2215.9382001799736
06-04-2021,Tuesday,F07,C,2,FMCG,Gear,Gear Oil,500,1000,16.535162659048446,165.35162659048444,834.6483734095156
06-04-2021,Tuesday,F08,C,1,FMCG,Gear,Gear Cream,400,400,18.256299861322955,73.02519944529182,326.97480055470817
06-04-2021,Tuesday,F09,C,2,FMCG,Gear,Gear Shampoo,560,1120,19.823368540983964,222.0217276590204,897.9782723409796
06-04-2021,Tuesday,F10,C,3,FMCG,Gear,Gear BB Cream,1099,3297,18.849528742533984,621.4689626413455,2675.5310373586544
06-04-2021,Tuesday,L01,C,12,Lifestyle,Jeera,M- T Shirts,450,5400,16.425245732431218,886.9632695512857,4513.0367304487145
06-04-2021,Tuesday,L02,C,6,Lifestyle,Jeera,M- Inners,500,3000,16.664805311476034,499.9441593,2500.055840655719
06-04-2021,Tuesday,L03,C,6,Lifestyle,Viva,W-Casuals,900,5400,15.949968876338525,861.2983193222805,4538.701680677719
06-04-2021,Tuesday,L04,C,6,Lifestyle,Viva,W-Inners,1300,7800,15.04362021431778,1173.4023767167869,6626.597623283213
06-04-2021,Tuesday,L05,C,7,Lifestyle,Jeera,M-Jeans,2099,14693,15.361697147391325,2257.0941618662073,12435.905838133793
06-04-2021,Tuesday,L06,C,3,Lifestyle,Jeera,M-Casuals,1300,3900,16.434022160959007,640.9268642774013,3259.0731357225986
06-04-2021,Tuesday,L07,C,5,Lifestyle,Viva,W-Western,2600,13000,16.037142358953453,2084.828506663949,10915.17149333605
06-04-2021,Tuesday,L08,C,3,Lifestyle,Viva,W-Lounge,1600,4800,17.505278151312616,840.2533512630056,3959.7466487369943
06-04-2021,Tuesday,L09,C,3,Lifestyle,Jeera,M-Formals,1900,5700,18.18304095386449,1036.433334370276,4663.5666656297235
06-04-2021,Tuesday,L10,C,1,Lifestyle,Jeera,M-Shoes,3100,3100,19.589124796030404,607.2628686769425,2492.7371313230574
07-04-2021,Wednesday,M01,C,12,Mobiles,RealU,RU-10,12100,145200,11.830807065757378,17178.331859479713,128021.66814052028
07-04-2021,Wednesday,M02,C,2,Mobiles,RealU,RU-9 Plus,10100,20200,12.542569443833564,2533.599028,17666.40097234562
07-04-2021,Wednesday,M03,C,7,Mobiles,YouM,YM-99,16100,112700,8.741302312619077,9851.447706321698,102848.55229367831
07-04-2021,Wednesday,M04,C,4,Mobiles,YouM,YM-99 Plus,20100,80400,7.988812722257784,6423.005428695258,73976.99457130473
07-04-2021,Wednesday,M05,C,4,Mobiles,YouM,YM-98 ,8100,32400,17.618584504223975,5708.4213793685685,26691.57862063143
07-04-2021,Wednesday,M06,C,3,Mobiles,RealU,RU-9,8100,24300,16.065576095795734,3903.934991278363,20396.065008721638
07-04-2021,Wednesday,M07,C,3,Mobiles,Sumsang,S-20,49100,147300,8.658225361838774,12753.565957988514,134546.43404201147
07-04-2021,Wednesday,M08,C,3,Mobiles,Sumsang,S-21,54100,162300,7.178725899241335,11651.072134468686,150648.92786553132
07-04-2021,Wednesday,M09,C,3,Mobiles,Orange,O-10,55100,165300,8.469412279922093,13999.93849871122,151300.0615012888
07-04-2021,Wednesday,M10,C,3,Mobiles,Orange,O-11,60100,180300,9.815204448449325,17696.813620554134,162603.18637944586
07-04-2021,Wednesday,F01,C,22,FMCG,Babaji,Babaji Oil ,400,8800,18.1827493,1600.0819382556272,7199.918061744373
07-04-2021,Wednesday,F02,C,10,FMCG,Vedic,Vedic Cream,300,3000,19.765153002365825,592.9545900709747,2407.0454099290255
07-04-2021,Wednesday,F03,C,11,FMCG,Vedic,Vedic Shampoo,390,4290,18.92254531147246,811.7771938621686,3478.2228061378314
07-04-2021,Wednesday,F04,C,11,FMCG,Babaji,Babaji Shampoo,465,5115,19.281034650470858,986.2249223715844,4128.775077628416
07-04-2021,Wednesday,F05,C,2,FMCG,Babaji,Babaji Cream,290,580,16.32460954733587,94.68273537454805,485.31726462545197
07-04-2021,Wednesday,F06,C,3,FMCG,Vedic,Vedic Oil,450,1350,18.37684554984166,248.08741492286245,1101.9125850771375
07-04-2021,Wednesday,F07,C,2,FMCG,Gear,Gear Oil,500,1000,19.064839659653387,190.64839659653387,809.3516034034661
07-04-2021,Wednesday,F08,C,2,FMCG,Gear,Gear Cream,400,800,19.80471510796803,158.43772086374423,641.5622791362557
07-04-2021,Wednesday,F09,C,4,FMCG,Gear,Gear Shampoo,560,2240,15.43763350743192,345.8029906,1894.197009433525
07-04-2021,Wednesday,F10,C,3,FMCG,Gear,Gear BB Cream,1099,3297,17.255076532776307,568.8998732856348,2728.100126714365
07-04-2021,Wednesday,L01,C,12,Lifestyle,Jeera,M- T Shirts,450,5400,19.712827800715463,1064.4927012386352,4335.507298761365
07-04-2021,Wednesday,L02,C,12,Lifestyle,Jeera,M- Inners,500,6000,17.641355011219655,1058.4813006731792,4941.518699326821
07-04-2021,Wednesday,L03,C,7,Lifestyle,Viva,W-Casuals,900,6300,15.023751382395178,946.4963370908961,5353.503662909104
07-04-2021,Wednesday,L04,C,3,Lifestyle,Viva,W-Inners,1300,3900,16.419682015631825,640.3675986096412,3259.6324013903586
07-04-2021,Wednesday,L05,C,3,Lifestyle,Jeera,M-Jeans,2099,6297,18.02035182755711,1134.7415545812712,5162.258445418729
07-04-2021,Wednesday,L06,C,4,Lifestyle,Jeera,M-Casuals,1300,5200,16.376949996056055,851.6013997949149,4348.398600205085
07-04-2021,Wednesday,L07,C,4,Lifestyle,Viva,W-Western,2600,10400,17.47825748343215,1817.7387782769435,8582.261221723056
07-04-2021,Wednesday,L08,C,3,Lifestyle,Viva,W-Lounge,1600,4800,19.44792540341673,933.5004194,3866.499580635997
07-04-2021,Wednesday,L09,C,2,Lifestyle,Jeera,M-Formals,1900,3800,16.299804815008002,619.392583,3180.607417029696
07-04-2021,Wednesday,L10,C,1,Lifestyle,Jeera,M-Shoes,3100,3100,17.896569377392915,554.7936506991804,2545.2063493008195
08-04-2021,Thursday,M01,C,14,Mobiles,RealU,RU-10,12100,169400,14.951726212630405,25328.224204195907,144071.7757958041
08-04-2021,Thursday,M02,C,7,Mobiles,RealU,RU-9 Plus,10100,70700,12.89156528,9114.336652,61585.66335
08-04-2021,Thursday,M03,C,7,Mobiles,YouM,YM-99,16100,112700,7.679385595700298,8654.667566354236,104045.33243364576
08-04-2021,Thursday,M04,C,5,Mobiles,YouM,YM-99 Plus,20100,100500,5.794802079132935,5823.776089528599,94676.22391
08-04-2021,Thursday,M05,C,6,Mobiles,YouM,YM-98 ,8100,48600,19.573817544625605,9512.875326688045,39087.124673311955
08-04-2021,Thursday,M06,C,3,Mobiles,RealU,RU-9,8100,24300,15.821231411481408,3844.5592329899823,20455.44076701002
08-04-2021,Thursday,M07,C,3,Mobiles,Sumsang,S-20,49100,147300,9.238450997439106,13608.238319227803,133691.7616807722
08-04-2021,Thursday,M08,C,2,Mobiles,Sumsang,S-21,54100,108200,9.666082289948521,10458.70104,97741.29896
08-04-2021,Thursday,M09,C,2,Mobiles,Orange,O-10,55100,110200,5.0598012771540954,5575.901007423813,104624.09899257618
08-04-2021,Thursday,M10,C,1,Mobiles,Orange,O-11,60100,60100,9.549832271096296,5739.449194928873,54360.55080507113
08-04-2021,Thursday,F01,C,2,FMCG,Babaji,Babaji Oil ,400,800,15.572393552260317,124.57914841808253,675.4208515819175
08-04-2021,Thursday,F02,C,11,FMCG,Vedic,Vedic Cream,300,3300,18.238803806330296,601.8805256088998,2698.119474
08-04-2021,Thursday,F03,C,11,FMCG,Vedic,Vedic Shampoo,390,4290,19.290096487627693,827.5451393,3462.454860680772
08-04-2021,Thursday,F04,C,2,FMCG,Babaji,Babaji Shampoo,465,930,19.910383731112333,185.16656869934468,744.8334313006553
08-04-2021,Thursday,F05,C,5,FMCG,Babaji,Babaji Cream,290,1450,16.179877661293183,234.60822608875114,1215.391773911249
08-04-2021,Thursday,F06,C,4,FMCG,Vedic,Vedic Oil,450,1800,15.394282418650443,277.09708353570795,1522.902916464292
08-04-2021,Thursday,F07,C,3,FMCG,Gear,Gear Oil,500,1500,19.358516476258202,290.3777471,1209.622252856127
08-04-2021,Thursday,F08,C,2,FMCG,Gear,Gear Cream,400,800,16.95879599,135.6703679,664.3296321
08-04-2021,Thursday,F09,C,3,FMCG,Gear,Gear Shampoo,560,1680,15.407747962556613,258.8501657709511,1421.1498342290488
08-04-2021,Thursday,F10,C,3,FMCG,Gear,Gear BB Cream,1099,3297,16.47136519172397,543.0609103711392,2753.9390896288605
08-04-2021,Thursday,L01,C,7,Lifestyle,Jeera,M- T Shirts,450,3150,15.433532890326083,486.1562860452716,2663.8437139547286
08-04-2021,Thursday,L02,C,9,Lifestyle,Jeera,M- Inners,500,4500,16.36791411468696,736.5561351609133,3763.443864839087
08-04-2021,Thursday,L03,C,7,Lifestyle,Viva,W-Casuals,900,6300,15.621580491719644,984.1595709783376,5315.840429021662
08-04-2021,Thursday,L04,C,3,Lifestyle,Viva,W-Inners,1300,3900,19.53824509570855,761.9915587326334,3138.008441267367
08-04-2021,Thursday,L05,C,6,Lifestyle,Jeera,M-Jeans,2099,12594,18.270293510266427,2300.960764682954,10293.039235317046
08-04-2021,Thursday,L06,C,3,Lifestyle,Jeera,M-Casuals,1300,3900,15.13260350934779,590.1715368645638,3309.8284631354363
08-04-2021,Thursday,L07,C,5,Lifestyle,Viva,W-Western,2600,13000,18.461893275186842,2400.0461257742895,10599.95387422571
08-04-2021,Thursday,L08,C,2,Lifestyle,Viva,W-Lounge,1600,3200,15.512031643665622,496.3850125972999,2703.614987
08-04-2021,Thursday,L09,C,3,Lifestyle,Jeera,M-Formals,1900,5700,18.27644174,1041.7571792393028,4658.242820760697
08-04-2021,Thursday,L10,C,2,Lifestyle,Jeera,M-Shoes,3100,6200,17.446359233235064,1081.674272460574,5118.325727539426
09-04-2021,Friday,M01,C,15,Mobiles,RealU,RU-10,12100,181500,14.18072848140974,25738.02219375868,155761.9778062413
09-04-2021,Friday,M02,C,7,Mobiles,RealU,RU-9 Plus,10100,70700,12.018882550575643,8497.349963,62202.65003674302
09-04-2021,Friday,M03,C,7,Mobiles,YouM,YM-99,16100,112700,6.8582545692088726,7729.2528994983995,104970.7471005016
09-04-2021,Friday,M04,C,7,Mobiles,YouM,YM-99 Plus,20100,140700,7.208362951650773,10142.166672972637,130557.83332702736
09-04-2021,Friday,M05,C,5,Mobiles,YouM,YM-98 ,8100,40500,17.163530232883033,6951.2297443176285,33548.77025568237
09-04-2021,Friday,M06,C,2,Mobiles,RealU,RU-9,8100,16200,16.637783394762867,2695.3209099515843,13504.679090048416
09-04-2021,Friday,M07,C,3,Mobiles,Sumsang,S-20,49100,147300,7.341874344,10814.580908727954,136485.41909127205
09-04-2021,Friday,M08,C,2,Mobiles,Sumsang,S-21,54100,108200,9.771367467386685,10572.619599712394,97627.3804
09-04-2021,Friday,M09,C,2,Mobiles,Orange,O-10,55100,110200,6.473304705016388,7133.581784928059,103066.41821507194
09-04-2021,Friday,M10,C,1,Mobiles,Orange,O-11,60100,60100,6.4399199598440635,3870.391895866282,56229.60810413372
09-04-2021,Friday,F01,C,31,FMCG,Babaji,Babaji Oil ,400,12400,17.383934419542282,2155.607868023243,10244.392131976758
09-04-2021,Friday,F02,C,12,FMCG,Vedic,Vedic Cream,300,3600,18.19607161886354,655.0585782790876,2944.9414217209123
09-04-2021,Friday,F03,C,7,FMCG,Vedic,Vedic Shampoo,390,2730,18.068391011001815,493.26707460034953,2236.7329253996504
09-04-2021,Friday,F04,C,4,FMCG,Babaji,Babaji Shampoo,465,1860,16.37059554802535,304.4930771932715,1555.5069228067284
09-04-2021,Friday,F05,C,8,FMCG,Babaji,Babaji Cream,290,2320,19.81697935484416,459.75392103238454,1860.2460789676154
09-04-2021,Friday,F06,C,2,FMCG,Vedic,Vedic Oil,450,900,18.488201692458688,166.3938152321282,733.6061847678718
09-04-2021,Friday,F07,C,4,FMCG,Gear,Gear Oil,500,2000,16.866970455692478,337.33940911384957,1662.6605908861504
09-04-2021,Friday,F08,C,2,FMCG,Gear,Gear Cream,400,800,15.733725334060328,125.86980267248262,674.1301973275174
09-04-2021,Friday,F09,C,2,FMCG,Gear,Gear Shampoo,560,1120,17.579216196028618,196.88722139552053,923.1127786044794
09-04-2021,Friday,F10,C,1,FMCG,Gear,Gear BB Cream,1099,1099,17.157583429640418,188.5618418917482,910.4381581082519
09-04-2021,Friday,L01,C,16,Lifestyle,Jeera,M- T Shirts,450,7200,19.14081734702039,1378.1388489854683,5821.861151014532
09-04-2021,Friday,L02,C,6,Lifestyle,Jeera,M- Inners,500,3000,19.003774255904652,570.1132276771395,2429.8867723228605
09-04-2021,Friday,L03,C,5,Lifestyle,Viva,W-Casuals,900,4500,16.692868112380438,751.1790650571197,3748.8209349428803
09-04-2021,Friday,L04,C,2,Lifestyle,Viva,W-Inners,1300,2600,17.79136355557608,462.57545244497805,2137.424547555022
09-04-2021,Friday,L05,C,5,Lifestyle,Jeera,M-Jeans,2099,10495,17.077659911214088,1792.3004076819186,8702.699592318082
09-04-2021,Friday,L06,C,4,Lifestyle,Jeera,M-Casuals,1300,5200,16.475250778378637,856.7130404756892,4343.286959524311
09-04-2021,Friday,L07,C,3,Lifestyle,Viva,W-Western,2600,7800,17.56215896478952,1369.8483992535828,6430.151600746417
09-04-2021,Friday,L08,C,2,Lifestyle,Viva,W-Lounge,1600,3200,18.96663746046982,606.9323987350342,2593.0676012649656
09-04-2021,Friday,L09,C,2,Lifestyle,Jeera,M-Formals,1900,3800,17.645393099050505,670.5249377639192,3129.4750622360807
09-04-2021,Friday,L10,C,1,Lifestyle,Jeera,M-Shoes,3100,3100,17.967140745969115,556.9813631250425,2543.0186368749573
10-04-2021,Saturday,M01,C,3,Mobiles,RealU,RU-10,12100,36300,11.055737610601055,4013.2327526481827,32286.767247351818
10-04-2021,Saturday,M02,C,6,Mobiles,RealU,RU-9 Plus,10100,60600,11.089181533506844,6720.0440093051475,53879.955990694856
10-04-2021,Saturday,M03,C,4,Mobiles,YouM,YM-99,16100,64400,8.977343373608086,5781.409132603607,58618.59086739639
10-04-2021,Saturday,M04,C,5,Mobiles,YouM,YM-99 Plus,20100,100500,7.421325599756022,7458.432227754803,93041.56777
10-04-2021,Saturday,M05,C,4,Mobiles,YouM,YM-98 ,8100,32400,16.55384816728682,5363.446806200929,27036.55319379907
10-04-2021,Saturday,M06,C,4,Mobiles,RealU,RU-9,8100,32400,17.916967740237514,5805.097547836955,26594.902452163045
10-04-2021,Saturday,M07,C,2,Mobiles,Sumsang,S-20,49100,98200,7.8028608907123385,7662.4093946795165,90537.59060532048
10-04-2021,Saturday,M08,C,2,Mobiles,Sumsang,S-21,54100,108200,9.835773221649367,10642.306625824614,97557.69337417539
10-04-2021,Saturday,M09,C,3,Mobiles,Orange,O-10,55100,165300,6.268913808500697,10362.514525451652,154937.48547454836
10-04-2021,Saturday,M10,C,2,Mobiles,Orange,O-11,60100,120200,6.819110662867928,8196.571017,112003.42898323275
10-04-2021,Saturday,F01,C,24,FMCG,Babaji,Babaji Oil ,400,9600,19.358680561154664,1858.4333338708477,7741.5666661291525
10-04-2021,Saturday,F02,C,11,FMCG,Vedic,Vedic Cream,300,3300,16.989392099533365,560.6499393,2739.350060715399
10-04-2021,Saturday,F03,C,12,FMCG,Vedic,Vedic Shampoo,390,4680,17.486581496995672,818.3720140593974,3861.6279859406027
10-04-2021,Saturday,F04,C,4,FMCG,Babaji,Babaji Shampoo,465,1860,15.910879946410272,295.9423670032311,1564.057632996769
10-04-2021,Saturday,F05,C,3,FMCG,Babaji,Babaji Cream,290,870,15.142414582224038,131.73900686534913,738.2609931346509
10-04-2021,Saturday,F06,C,3,FMCG,Vedic,Vedic Oil,450,1350,15.562571068980672,210.09470943123907,1139.9052905687608
10-04-2021,Saturday,F07,C,3,FMCG,Gear,Gear Oil,500,1500,17.631190157525147,264.4678523628772,1235.5321476371228
10-04-2021,Saturday,F08,C,3,FMCG,Gear,Gear Cream,400,1200,18.57874079,222.9448894546092,977.0551105453908
10-04-2021,Saturday,F09,C,2,FMCG,Gear,Gear Shampoo,560,1120,16.38611185129275,183.5244527344788,936.4755472655212
10-04-2021,Saturday,F10,C,2,FMCG,Gear,Gear BB Cream,1099,2198,16.93486485,372.2283295,1825.771670519881
10-04-2021,Saturday,L01,C,5,Lifestyle,Jeera,M- T Shirts,450,2250,17.567207007320203,395.26215766470455,1854.7378423352955
10-04-2021,Saturday,L02,C,4,Lifestyle,Jeera,M- Inners,500,2000,17.50576723926849,350.1153447853698,1649.8846552146301
10-04-2021,Saturday,L03,C,5,Lifestyle,Viva,W-Casuals,900,4500,15.69166816204708,706.1250672921186,3793.8749327078813
10-04-2021,Saturday,L04,C,4,Lifestyle,Viva,W-Inners,1300,5200,15.387569812034188,800.1536302257778,4399.846369774223
10-04-2021,Saturday,L05,C,5,Lifestyle,Jeera,M-Jeans,2099,10495,19.71631112064685,2069.2268521118867,8425.773147888114
10-04-2021,Saturday,L06,C,5,Lifestyle,Jeera,M-Casuals,1300,6500,19.53756201,1269.941530500357,5230.058469499643
10-04-2021,Saturday,L07,C,5,Lifestyle,Viva,W-Western,2600,13000,16.813584438418655,2185.765976994425,10814.234023005574
10-04-2021,Saturday,L08,C,1,Lifestyle,Viva,W-Lounge,1600,1600,19.008249819154447,304.13199710647115,1295.868002893529
10-04-2021,Saturday,L09,C,3,Lifestyle,Jeera,M-Formals,1900,5700,17.68404468466699,1007.9905470260185,4692.009452973982
10-04-2021,Saturday,L10,C,2,Lifestyle,Jeera,M-Shoes,3100,6200,17.25697328037778,1069.9323433834222,5130.067656616578
11-04-2021,Sunday,M01,C,12,Mobiles,RealU,RU-10,12100,145200,14.804872842537037,21496.67536736378,123703.32463263621
11-04-2021,Sunday,M02,C,7,Mobiles,RealU,RU-9 Plus,10100,70700,12.235384909777391,8650.417131212616,62049.58286878739
11-04-2021,Sunday,M03,C,6,Mobiles,YouM,YM-99,16100,96600,6.170397894995827,5960.604367,90639.39563343403
11-04-2021,Sunday,M04,C,4,Mobiles,YouM,YM-99 Plus,20100,80400,5.072124185625713,4077.987845243073,76322.01215475693
11-04-2021,Sunday,M05,C,4,Mobiles,YouM,YM-98 ,8100,32400,19.735603599981864,6394.335566394124,26005.664433605874
11-04-2021,Sunday,M06,C,3,Mobiles,RealU,RU-9,8100,24300,19.940610270596178,4845.5682957548715,19454.43170424513
11-04-2021,Sunday,M07,C,3,Mobiles,Sumsang,S-20,49100,147300,8.394469320070762,12365.053308464232,134934.94669153576
11-04-2021,Sunday,M08,C,1,Mobiles,Sumsang,S-21,54100,54100,6.106930704565366,3303.8495111698635,50796.150488830135
11-04-2021,Sunday,M09,C,3,Mobiles,Orange,O-10,55100,165300,6.508719077620175,10758.912635306151,154541.08736469384
11-04-2021,Sunday,M10,C,3,Mobiles,Orange,O-11,60100,180300,9.058746494473578,16332.919929535861,163967.08007046414
11-04-2021,Sunday,F01,C,22,FMCG,Babaji,Babaji Oil ,400,8800,18.18850808050756,1600.5887110846652,7199.411288915335
11-04-2021,Sunday,F02,C,2,FMCG,Vedic,Vedic Cream,300,600,17.11762611534941,102.70575669209646,497.29424330790357
11-04-2021,Sunday,F03,C,11,FMCG,Vedic,Vedic Shampoo,390,4290,16.38558507315613,702.9415996383979,3587.0584003616023
11-04-2021,Sunday,F04,C,6,FMCG,Babaji,Babaji Shampoo,465,2790,19.12478535136138,533.5815113029824,2256.4184886970174
11-04-2021,Sunday,F05,C,4,FMCG,Babaji,Babaji Cream,290,1160,15.089818843685519,175.04189858675204,984.9581014
11-04-2021,Sunday,F06,C,2,FMCG,Vedic,Vedic Oil,450,900,18.484266350177315,166.35839715159582,733.6416028484042
11-04-2021,Sunday,F07,C,4,FMCG,Gear,Gear Oil,500,2000,17.12451515523473,342.49030310469453,1657.5096968953055
11-04-2021,Sunday,F08,C,2,FMCG,Gear,Gear Cream,400,800,19.99240704193018,159.93925633544143,640.0607436645586
11-04-2021,Sunday,F09,C,2,FMCG,Gear,Gear Shampoo,560,1120,18.496026255860418,207.15549406563667,912.8445059343633
11-04-2021,Sunday,F10,C,3,FMCG,Gear,Gear BB Cream,1099,3297,15.189462972324602,500.79659419754216,2796.203405802458
11-04-2021,Sunday,L01,C,13,Lifestyle,Jeera,M- T Shirts,450,5850,15.184208763066303,888.2762126393787,4961.723787360621
11-04-2021,Sunday,L02,C,9,Lifestyle,Jeera,M- Inners,500,4500,19.586695249039863,881.4012862067939,3618.598713793206
11-04-2021,Sunday,L03,C,5,Lifestyle,Viva,W-Casuals,900,4500,19.38396295954193,872.2783331793868,3627.7216668206133
11-04-2021,Sunday,L04,C,4,Lifestyle,Viva,W-Inners,1300,5200,17.532956267424286,911.7137259060629,4288.286274093937
11-04-2021,Sunday,L05,C,6,Lifestyle,Jeera,M-Jeans,2099,12594,15.414069193640822,1941.247874247125,10652.752125752875
11-04-2021,Sunday,L06,C,6,Lifestyle,Jeera,M-Casuals,1300,7800,18.907667806517047,1474.7980889083296,6325.201911
11-04-2021,Sunday,L07,C,4,Lifestyle,Viva,W-Western,2600,10400,19.505267589109387,2028.5478292673763,8371.452170732624
11-04-2021,Sunday,L08,C,3,Lifestyle,Viva,W-Lounge,1600,4800,16.633587502836683,798.4122001361608,4001.5877998638393
11-04-2021,Sunday,L09,C,3,Lifestyle,Jeera,M-Formals,1900,5700,17.39005186,991.2329560641351,4708.767043935864
11-04-2021,Sunday,L10,C,1,Lifestyle,Jeera,M-Shoes,3100,3100,15.884585970545755,492.42216508691837,2607.5778349130815
12-04-2021,Monday,M01,C,4,Mobiles,RealU,RU-10,12100,48400,11.373284494894524,5504.669695528949,42895.33030447105
12-04-2021,Monday,M02,C,7,Mobiles,RealU,RU-9 Plus,10100,70700,14.543081726618366,10281.958780719186,60418.041219280814
12-04-2021,Monday,M03,C,3,Mobiles,YouM,YM-99,16100,48300,7.826353712362323,3780.128843071002,44519.871156928995
12-04-2021,Monday,M04,C,6,Mobiles,YouM,YM-99 Plus,20100,120600,8.491486174501922,10240.732326449319,110359.26767355068
12-04-2021,Monday,M05,C,4,Mobiles,YouM,YM-98 ,8100,32400,17.337519103119437,5617.356189410698,26782.643810589303
12-04-2021,Monday,M06,C,3,Mobiles,RealU,RU-9,8100,24300,15.608132560631024,3792.776212233339,20507.223787766663
12-04-2021,Monday,M07,C,2,Mobiles,Sumsang,S-20,49100,98200,6.066191918625036,5957.000464089785,92242.99953591022
12-04-2021,Monday,M08,C,1,Mobiles,Sumsang,S-21,54100,54100,9.791440079818337,5297.1690831817195,48802.83091681828
12-04-2021,Monday,M09,C,3,Mobiles,Orange,O-10,55100,165300,5.084108426,8404.031228425323,156895.96877157467
12-04-2021,Monday,M10,C,3,Mobiles,Orange,O-11,60100,180300,7.7852682485613505,14036.838652156113,166263.16134784388
12-04-2021,Monday,F01,C,15,FMCG,Babaji,Babaji Oil ,400,6000,17.944983621038663,1076.6990172623198,4923.300983
12-04-2021,Monday,F02,C,7,FMCG,Vedic,Vedic Cream,300,2100,18.608386289838247,390.7761120866032,1709.2238879133968
12-04-2021,Monday,F03,C,3,FMCG,Vedic,Vedic Shampoo,390,1170,17.691253121203026,206.9876615180754,963.0123384819246
12-04-2021,Monday,F04,C,8,FMCG,Babaji,Babaji Shampoo,465,3720,15.671319590244828,582.9730887571076,3137.0269112428923
12-04-2021,Monday,F05,C,5,FMCG,Babaji,Babaji Cream,290,1450,17.85265232658667,258.8634587355067,1191.1365412644932
12-04-2021,Monday,F06,C,3,FMCG,Vedic,Vedic Oil,450,1350,15.62485856943532,210.93559068737682,1139.0644093126232
12-04-2021,Monday,F07,C,4,FMCG,Gear,Gear Oil,500,2000,17.856694031534317,357.13388063068635,1642.8661193693138
12-04-2021,Monday,F08,C,3,FMCG,Gear,Gear Cream,400,1200,15.770607296808862,189.24728756170632,1010.7527124382937
12-04-2021,Monday,F09,C,3,FMCG,Gear,Gear Shampoo,560,1680,18.396734384081515,309.0651376525695,1370.9348623474305
12-04-2021,Monday,F10,C,4,FMCG,Gear,Gear BB Cream,1099,4396,17.06230087626719,750.0587465207058,3645.941253479294
12-04-2021,Monday,L01,C,12,Lifestyle,Jeera,M- T Shirts,450,5400,18.86666515,1018.7999178928937,4381.200082107106
12-04-2021,Monday,L02,C,8,Lifestyle,Jeera,M- Inners,500,4000,18.81403992251914,752.5615969007656,3247.438403099234
12-04-2021,Monday,L03,C,2,Lifestyle,Viva,W-Casuals,900,1800,15.282012114668662,275.0762180640359,1524.9237819359641
12-04-2021,Monday,L04,C,4,Lifestyle,Viva,W-Inners,1300,5200,19.658731682629465,1022.2540474967323,4177.745952503268
12-04-2021,Monday,L05,C,6,Lifestyle,Jeera,M-Jeans,2099,12594,15.815118150903217,1991.755979924751,10602.24402007525
12-04-2021,Monday,L06,C,4,Lifestyle,Jeera,M-Casuals,1300,5200,18.39797564,956.6947332531785,4243.305266746822
12-04-2021,Monday,L07,C,4,Lifestyle,Viva,W-Western,2600,10400,15.866930268436874,1650.1607479174352,8749.839252082566
12-04-2021,Monday,L08,C,1,Lifestyle,Viva,W-Lounge,1600,1600,18.075415642705345,289.2066502832855,1310.7933497167146
12-04-2021,Monday,L09,C,2,Lifestyle,Jeera,M-Formals,1900,3800,18.284851872547016,694.8243711567867,3105.1756288432134
12-04-2021,Monday,L10,C,1,Lifestyle,Jeera,M-Shoes,3100,3100,19.518796120885746,605.0826797474581,2494.9173202525417
13-04-2021,Tuesday,M01,C,9,Mobiles,RealU,RU-10,12100,108900,11.524539230295993,12550.223221792337,96349.77677820766
13-04-2021,Tuesday,M02,C,6,Mobiles,RealU,RU-9 Plus,10100,60600,10.213810468042144,6189.569144,54410.43085636646
13-04-2021,Tuesday,M03,C,7,Mobiles,YouM,YM-99,16100,112700,9.282922284442733,10461.85341456696,102238.14658543305
13-04-2021,Tuesday,M04,C,7,Mobiles,YouM,YM-99 Plus,20100,140700,9.050468381243416,12734.009012409486,127965.99098759051
13-04-2021,Tuesday,M05,C,5,Mobiles,YouM,YM-98 ,8100,40500,18.208535772797575,7374.456987983018,33125.543012016984
13-04-2021,Tuesday,M06,C,3,Mobiles,RealU,RU-9,8100,24300,17.332796591638523,4211.869571768161,20088.130428231838
13-04-2021,Tuesday,M07,C,3,Mobiles,Sumsang,S-20,49100,147300,9.012749993982965,13275.780741136907,134024.2192588631
13-04-2021,Tuesday,M08,C,1,Mobiles,Sumsang,S-21,54100,54100,9.350885905323569,5058.829274780051,49041.17072521995
13-04-2021,Tuesday,M09,C,2,Mobiles,Orange,O-10,55100,110200,6.326891692775114,6972.234645438176,103227.76535456182
13-04-2021,Tuesday,M10,C,2,Mobiles,Orange,O-11,60100,120200,9.766900148699394,11739.81397873667,108460.18602126333
13-04-2021,Tuesday,F01,C,14,FMCG,Babaji,Babaji Oil ,400,5600,15.777249859064733,883.5259921,4716.474007892375
13-04-2021,Tuesday,F02,C,14,FMCG,Vedic,Vedic Cream,300,4200,15.229304442688909,639.6307865929342,3560.3692134070657
13-04-2021,Tuesday,F03,C,3,FMCG,Vedic,Vedic Shampoo,390,1170,19.28772746,225.66641125104533,944.3335887489546
13-04-2021,Tuesday,F04,C,7,FMCG,Babaji,Babaji Shampoo,465,3255,15.60269272274946,507.8676481254949,2747.1323518745053
13-04-2021,Tuesday,F05,C,7,FMCG,Babaji,Babaji Cream,290,2030,15.892574208908874,322.61925644085017,1707.3807435591498
13-04-2021,Tuesday,F06,C,5,FMCG,Vedic,Vedic Oil,450,2250,18.896467585467096,425.17052067300966,1824.8294793269904
13-04-2021,Tuesday,F07,C,4,FMCG,Gear,Gear Oil,500,2000,16.910579249287487,338.2115849857497,1661.7884150142504
13-04-2021,Tuesday,F08,C,2,FMCG,Gear,Gear Cream,400,800,19.700338652556166,157.60270922044933,642.3972907795506
13-04-2021,Tuesday,F09,C,3,FMCG,Gear,Gear Shampoo,560,1680,19.14985254610939,321.71752277463776,1358.2824772253623
13-04-2021,Tuesday,F10,C,3,FMCG,Gear,Gear BB Cream,1099,3297,19.240252523603576,634.3511257,2662.648874
13-04-2021,Tuesday,L01,C,4,Lifestyle,Jeera,M- T Shirts,450,1800,18.162499060632662,326.9249830913879,1473.075016908612
13-04-2021,Tuesday,L02,C,6,Lifestyle,Jeera,M- Inners,500,3000,19.98225655005082,599.4676965015246,2400.5323034984754
13-04-2021,Tuesday,L03,C,6,Lifestyle,Viva,W-Casuals,900,5400,16.14683638678368,871.9291648863186,4528.070835113682
13-04-2021,Tuesday,L04,C,3,Lifestyle,Viva,W-Inners,1300,3900,17.08635767990947,666.3679495164693,3233.6320504835307
13-04-2021,Tuesday,L05,C,5,Lifestyle,Jeera,M-Jeans,2099,10495,19.940045761079695,2092.707802625314,8402.292197374685
13-04-2021,Tuesday,L06,C,3,Lifestyle,Jeera,M-Casuals,1300,3900,19.779006866153992,771.3812677800057,3128.6187322199944
13-04-2021,Tuesday,L07,C,4,Lifestyle,Viva,W-Western,2600,10400,16.64271659980247,1730.8425263794568,8669.157473620544
13-04-2021,Tuesday,L08,C,4,Lifestyle,Viva,W-Lounge,1600,6400,18.722344392748926,1198.2300411359313,5201.769958864069
13-04-2021,Tuesday,L09,C,3,Lifestyle,Jeera,M-Formals,1900,5700,17.600281769941432,1003.2160608866616,4696.783939113338
13-04-2021,Tuesday,L10,C,3,Lifestyle,Jeera,M-Shoes,3100,9300,16.857977908607836,1567.7919455005288,7732.2080544994715
14-04-2021,Wednesday,M01,C,11,Mobiles,RealU,RU-10,12100,133100,12.185270263226371,16218.594720354302,116881.4052796457
14-04-2021,Wednesday,M02,C,7,Mobiles,RealU,RU-9 Plus,10100,70700,13.963014728119951,9871.851412780805,60828.14859
14-04-2021,Wednesday,M03,C,6,Mobiles,YouM,YM-99,16100,96600,9.852661168268146,9517.670688547028,87082.32931145297
14-04-2021,Wednesday,M04,C,3,Mobiles,YouM,YM-99 Plus,20100,60300,6.415230294327099,3868.383867479241,56431.61613252076
14-04-2021,Wednesday,M05,C,4,Mobiles,YouM,YM-98 ,8100,32400,17.73983300508189,5747.705893646532,26652.294106353467
14-04-2021,Wednesday,M06,C,3,Mobiles,RealU,RU-9,8100,24300,19.17680154386712,4659.962775159711,19640.03722484029
14-04-2021,Wednesday,M07,C,3,Mobiles,Sumsang,S-20,49100,147300,9.085015161886599,13382.22733345896,133917.77266654104
14-04-2021,Wednesday,M08,C,2,Mobiles,Sumsang,S-21,54100,108200,5.055218412429214,5469.746322,102730.25367775159
14-04-2021,Wednesday,M09,C,2,Mobiles,Orange,O-10,55100,110200,5.4118021861669225,5963.806009155948,104236.19399084405
14-04-2021,Wednesday,M10,C,2,Mobiles,Orange,O-11,60100,120200,5.511042321019265,6624.272869865156,113575.72713013484
14-04-2021,Wednesday,F01,C,29,FMCG,Babaji,Babaji Oil ,400,11600,15.042477125501797,1744.9273465582085,9855.072653441792
14-04-2021,Wednesday,F02,C,2,FMCG,Vedic,Vedic Cream,300,600,17.232149290972764,103.39289574583658,496.6071042541634
14-04-2021,Wednesday,F03,C,5,FMCG,Vedic,Vedic Shampoo,390,1950,18.98898033,370.28511636797464,1579.7148836320252
14-04-2021,Wednesday,F04,C,4,FMCG,Babaji,Babaji Shampoo,465,1860,15.716729075087827,292.3311607966336,1567.6688392033664
14-04-2021,Wednesday,F05,C,7,FMCG,Babaji,Babaji Cream,290,2030,17.228389814068915,349.7363132,1680.2636867744009
14-04-2021,Wednesday,F06,C,6,FMCG,Vedic,Vedic Oil,450,2700,16.27280994568704,439.3658685335501,2260.634131
14-04-2021,Wednesday,F07,C,4,FMCG,Gear,Gear Oil,500,2000,19.34909310194873,386.98186203897455,1613.0181379610253
14-04-2021,Wednesday,F08,C,2,FMCG,Gear,Gear Cream,400,800,18.991291317536962,151.9303305402957,648.0696694597043
14-04-2021,Wednesday,F09,C,3,FMCG,Gear,Gear Shampoo,560,1680,15.915601890636466,267.3821117626926,1412.6178882373074
14-04-2021,Wednesday,F10,C,3,FMCG,Gear,Gear BB Cream,1099,3297,15.239116676500377,502.4336768242174,2794.5663231757826
14-04-2021,Wednesday,L01,C,15,Lifestyle,Jeera,M- T Shirts,450,6750,15.306006713238709,1033.155453143613,5716.844546856387
14-04-2021,Wednesday,L02,C,7,Lifestyle,Jeera,M- Inners,500,3500,15.19158998254244,531.7056493889854,2968.2943506110146
14-04-2021,Wednesday,L03,C,6,Lifestyle,Viva,W-Casuals,900,5400,15.953024294750776,861.4633119165419,4538.536688083458
14-04-2021,Wednesday,L04,C,5,Lifestyle,Viva,W-Inners,1300,6500,18.62938274091684,1210.9098781595944,5289.090121840405
14-04-2021,Wednesday,L05,C,6,Lifestyle,Jeera,M-Jeans,2099,12594,16.954566884971847,2135.2581534933543,10458.741846506646
14-04-2021,Wednesday,L06,C,3,Lifestyle,Jeera,M-Casuals,1300,3900,18.864268684287673,735.7064786872193,3164.2935213127807
14-04-2021,Wednesday,L07,C,4,Lifestyle,Viva,W-Western,2600,10400,18.71790805277376,1946.6624374884707,8453.337563
14-04-2021,Wednesday,L08,C,3,Lifestyle,Viva,W-Lounge,1600,4800,19.915919998259117,955.9641599164377,3844.035840083562
14-04-2021,Wednesday,L09,C,2,Lifestyle,Jeera,M-Formals,1900,3800,15.553473626805486,591.0319978186085,3208.9680021813915
14-04-2021,Wednesday,L10,C,2,Lifestyle,Jeera,M-Shoes,3100,6200,17.414973804849325,1079.7283759006582,5120.271624099341
15-04-2021,Thursday,M01,C,13,Mobiles,RealU,RU-10,12100,157300,10.161940419951064,15984.732280583023,141315.26771941697
15-04-2021,Thursday,M02,C,6,Mobiles,RealU,RU-9 Plus,10100,60600,14.686374208896371,8899.942770591202,51700.05723
15-04-2021,Thursday,M03,C,4,Mobiles,YouM,YM-99,16100,64400,5.485156670073213,3532.4408955271488,60867.55910447285
15-04-2021,Thursday,M04,C,5,Mobiles,YouM,YM-99 Plus,20100,100500,5.466379335661308,5493.711232339615,95006.28876766039
15-04-2021,Thursday,M05,C,3,Mobiles,YouM,YM-98 ,8100,24300,17.250382709384482,4191.842998380429,20108.15700161957
15-04-2021,Thursday,M06,C,3,Mobiles,RealU,RU-9,8100,24300,15.842078721704562,3849.6251293742084,20450.37487062579
15-04-2021,Thursday,M07,C,3,Mobiles,Sumsang,S-20,49100,147300,6.008199566158192,8850.077960951015,138449.92203904898
15-04-2021,Thursday,M08,C,1,Mobiles,Sumsang,S-21,54100,54100,6.642595335085532,3593.6440762812726,50506.35592371873
15-04-2021,Thursday,M09,C,3,Mobiles,Orange,O-10,55100,165300,5.425910532590122,8969.030110371472,156330.96988962853
15-04-2021,Thursday,M10,C,2,Mobiles,Orange,O-11,60100,120200,8.440678834544997,10145.695959123086,110054.30404087692
15-04-2021,Thursday,F01,C,2,FMCG,Babaji,Babaji Oil ,400,800,18.999270165031213,151.9941613202497,648.0058386797502
15-04-2021,Thursday,F02,C,17,FMCG,Vedic,Vedic Cream,300,5100,19.965340034290687,1018.232341748825,4081.767658251175
15-04-2021,Thursday,F03,C,4,FMCG,Vedic,Vedic Shampoo,390,1560,17.779865225407995,277.3658975163647,1282.6341024836352
15-04-2021,Thursday,F04,C,5,FMCG,Babaji,Babaji Shampoo,465,2325,19.52019766172181,453.8445956350321,1871.155404364968
15-04-2021,Thursday,F05,C,7,FMCG,Babaji,Babaji Cream,290,2030,15.770057720595435,320.1321717280873,1709.8678282719127
15-04-2021,Thursday,F06,C,4,FMCG,Vedic,Vedic Oil,450,1800,16.332136927068014,293.97846468722423,1506.0215353127758
15-04-2021,Thursday,F07,C,3,FMCG,Gear,Gear Oil,500,1500,16.21466375518408,243.21995632776122,1256.7800436722387
15-04-2021,Thursday,F08,C,3,FMCG,Gear,Gear Cream,400,1200,15.722275799583652,188.66730959500381,1011.3326904049961
15-04-2021,Thursday,F09,C,2,FMCG,Gear,Gear Shampoo,560,1120,19.18500512,214.8720573840411,905.1279426159589
15-04-2021,Thursday,F10,C,4,FMCG,Gear,Gear BB Cream,1099,4396,18.68568031901656,821.4225068239679,3574.577493176032
15-04-2021,Thursday,L01,C,10,Lifestyle,Jeera,M- T Shirts,450,4500,16.47799820687296,741.5099193092833,3758.4900806907167
15-04-2021,Thursday,L02,C,3,Lifestyle,Jeera,M- Inners,500,1500,16.80302997490994,252.04544962364912,1247.9545503763509
15-04-2021,Thursday,L03,C,7,Lifestyle,Viva,W-Casuals,900,6300,17.147528049146253,1080.2942670962138,5219.705732903786
15-04-2021,Thursday,L04,C,3,Lifestyle,Viva,W-Inners,1300,3900,16.442619307927696,641.2621530091802,3258.737847
15-04-2021,Thursday,L05,C,6,Lifestyle,Jeera,M-Jeans,2099,12594,15.072954200256858,1898.2878519803487,10695.712148019651
15-04-2021,Thursday,L06,C,2,Lifestyle,Jeera,M-Casuals,1300,2600,15.47568742173152,402.3678729650195,2197.6321270349804
15-04-2021,Thursday,L07,C,6,Lifestyle,Viva,W-Western,2600,15600,17.057027189656758,2660.896241586454,12939.103758413547
15-04-2021,Thursday,L08,C,2,Lifestyle,Viva,W-Lounge,1600,3200,18.965550182210702,606.8976058307425,2593.1023941692574
15-04-2021,Thursday,L09,C,3,Lifestyle,Jeera,M-Formals,1900,5700,16.793014485395556,957.2018256675467,4742.7981743324535
15-04-2021,Thursday,L10,C,1,Lifestyle,Jeera,M-Shoes,3100,3100,15.333299833359746,475.33229483415215,2624.667705165848
